"DESCRIPTION","DURATION IN MS","NAME","PARENT SUITE","START TIME","STATUS","STOP TIME","SUB SUITE","SUITE","TEST CLASS","TEST METHOD"
"","802","1 Import Notes for Case","","Thu May 22 21:17:19 UTC 2025","failed","Thu May 22 21:17:20 UTC 2025","","Import Notes","",""
"","0","4 Validation messages for wrongly formatted values","","Thu May 22 21:16:40 UTC 2025","skipped","Thu May 22 21:16:40 UTC 2025","","Import Legacy Chain of Custody","",""
"","75600","3.1 Verify ""Re-Distribute"" for ""Past Due"" cases","Auto-Disposition","Thu May 22 21:16:32 UTC 2025","failed","Thu May 22 21:17:48 UTC 2025","","3. Verify ""Re-Distribute Case Review Dates"" functionality","",""
"","785","I.T_1.1 Import Legacy Tasks for Case","","Thu May 22 21:16:49 UTC 2025","failed","Thu May 22 21:16:50 UTC 2025","","Import Tasks","",""
"","738","1. Import and verify People with all fields - 1 person linked to 1 case, other person linked to 2 cases","","Thu May 22 21:17:35 UTC 2025","failed","Thu May 22 21:17:36 UTC 2025","","Import People","",""
"","37363","7. Remove all optional values & check history records","","Thu May 22 21:22:23 UTC 2025","passed","Thu May 22 21:23:00 UTC 2025","","Edit Case","",""
"","533","1. Verify list of already existing services are in place and all listed services have a green status","","Thu May 22 21:17:23 UTC 2025","failed","Thu May 22 21:17:23 UTC 2025","","System Services Page: verify the existing Services are in place, if a new Service gets added =>check the status for all of those","",""
"","61688","A.N_1. Add Note to Case","","Thu May 22 21:41:12 UTC 2025","failed","Thu May 22 21:42:14 UTC 2025","","Add Notes","",""
"","0","1.7 Power User can add case and view/enter/update Review Date/Notes when having AutoDispo permissions","Add Case","Thu May 22 21:16:06 UTC 2025","skipped","Thu May 22 21:16:06 UTC 2025","","1. --- No Case Number formatting in Org/Office, AutoDispo ON","",""
"","0","I.C_3 Case with custom fields","","Thu May 22 21:16:14 UTC 2025","skipped","Thu May 22 21:16:14 UTC 2025","","Import Cases","",""
"","133","1.2 Validation messages","","Thu May 22 21:17:06 UTC 2025","failed","Thu May 22 21:17:06 UTC 2025","","Login page","",""
"","58629","2. Edit and verify all values on Case View page -- keep the previous values and add new ones in multiselect fields (Case Officers, Tags)","","Thu May 22 21:19:27 UTC 2025","passed","Thu May 22 21:20:26 UTC 2025","","Edit Case","",""
"","1","1.6. Create and run DR for single parent location - multiple Discrepancies Found","Inventory Reports","Thu May 22 21:16:08 UTC 2025","skipped","Thu May 22 21:16:08 UTC 2025","","1. Parent/child locations with items but without containers","",""
"","46505","1.8. Add Item from Person View/ Items Custodian tab -- redirect to Split Item page and complete the action","Add Item","Thu May 22 21:30:27 UTC 2025","passed","Thu May 22 21:31:13 UTC 2025","","1. Org Admin","",""
"","0","1.5 Org Admin-- minimum case fields -- redirect to Media tab on Case View page","Add Case","Thu May 22 21:16:06 UTC 2025","skipped","Thu May 22 21:16:06 UTC 2025","","1. --- No Case Number formatting in Org/Office, AutoDispo ON","",""
"","5600","1.1.3 validation message for missing permissions","Add User","Thu May 22 21:50:12 UTC 2025","failed","Thu May 22 21:50:17 UTC 2025","","1.1 Org Admin","",""
"","717","2 Import Media - Precheck Only","","Thu May 22 21:17:09 UTC 2025","failed","Thu May 22 21:17:10 UTC 2025","","Import Media","",""
"","153","2.1. Create and run DR for 2 storage locations that have: container with item, empty container, sub-location, empty sub-container and sub-container with item - No Discrepancies Found","Inventory Reports","Thu May 22 21:16:08 UTC 2025","failed","Thu May 22 21:16:09 UTC 2025","","2. Parent/child locations with items and containers","",""
"","67392","3.5 --- Splitting item with Currency Form attached","Add Item","Thu May 22 21:36:36 UTC 2025","passed","Thu May 22 21:37:43 UTC 2025","","3 Add Item with Custom Form","",""
"","5356","1.3. Add Item from Case View /Items tab -- redirect to Add Item page again","Add Item","Thu May 22 21:28:22 UTC 2025","failed","Thu May 22 21:28:28 UTC 2025","","1. Org Admin","",""
"","110277","3.2 --- with required Custom Form but not filled out, all optional fields on Form","Add Item","Thu May 22 21:32:53 UTC 2025","failed","Thu May 22 21:34:43 UTC 2025","","3 Add Item with Custom Form","",""
"","46477","3. Remove all optional values & check history records","","Thu May 22 21:26:55 UTC 2025","passed","Thu May 22 21:27:42 UTC 2025","","Edit Item","",""
"","38530","5.1 verify Office Default Case Number Prefix","Add Case","Thu May 22 21:20:21 UTC 2025","failed","Thu May 22 21:20:59 UTC 2025","","5. --- with Default Case Number in Office ","",""
"","21439","A.M_2. Add Media to Item","","Thu May 22 21:39:57 UTC 2025","passed","Thu May 22 21:40:19 UTC 2025","","Add Media","",""
"","798","8 Validation messages for invalid values","","Thu May 22 21:17:23 UTC 2025","failed","Thu May 22 21:17:24 UTC 2025","","Import Notes","",""
"","30974","2. Edit and verify reduced number of values on Person View page - First & Last Name","","Thu May 22 21:29:52 UTC 2025","passed","Thu May 22 21:30:23 UTC 2025","","Edit Person","",""
"","167","2.2. Scanning some barcodes multiple times and checking all types of discrepancies in one Report: ""Barcode valid but not found in the system""""Items Not Scanned"", ""Wrong Storage Location"",""Container Not Scanned"",""Containers in Wrong Location""","Inventory Reports","Thu May 22 21:16:09 UTC 2025","failed","Thu May 22 21:16:09 UTC 2025","","2. Parent/child locations with items and containers","",""
"","3239","U.A_1. Send verification email","","Thu May 22 21:16:52 UTC 2025","failed","Thu May 22 21:16:55 UTC 2025","","User Actions","",""
"","28947","4.1 verify Org Default Case Number Prefix, clear a default value and save the other one","Add Case","Thu May 22 21:18:57 UTC 2025","passed","Thu May 22 21:19:26 UTC 2025","","4. --- with Default Case Number in Org ","",""
"","46242","3.3 --- with required Currency Form attached - System Template","Add Item","Thu May 22 21:34:43 UTC 2025","passed","Thu May 22 21:35:29 UTC 2025","","3 Add Item with Custom Form","",""
"","30146","6.1 verify Auto Assigned Case Number with Default Case Number Prefix","Add Case","Thu May 22 21:21:05 UTC 2025","passed","Thu May 22 21:21:35 UTC 2025","","6. --- with Auto Assigned Case Number ","",""
"","20212","1.2. Optional fields disabled -- First & Last Name populated -- redirect to Add Person page again","Add Person","Thu May 22 21:43:04 UTC 2025","passed","Thu May 22 21:43:24 UTC 2025","","1. Org Admin","",""
"","2","I.N_5 Five thousand tasks and verify count on search","","Thu May 22 21:16:51 UTC 2025","skipped","Thu May 22 21:16:51 UTC 2025","","Import Tasks","",""
"","65134","1.1.1. add user with all fields -- log in with newly created account","Add User","Thu May 22 21:48:31 UTC 2025","passed","Thu May 22 21:49:36 UTC 2025","","1.1 Org Admin","",""
"","5840","1.4. Add item from Item Search -- redirect to Case View /Items tab","Add Item","Thu May 22 21:28:28 UTC 2025","failed","Thu May 22 21:28:34 UTC 2025","","1. Org Admin","",""
"","0","I.C_2 Case with minimum number of fields","","Thu May 22 21:16:14 UTC 2025","skipped","Thu May 22 21:16:14 UTC 2025","","Import Cases","",""
"","0","6 Validation messages for blank values","","Thu May 22 21:16:40 UTC 2025","skipped","Thu May 22 21:16:40 UTC 2025","","Import Legacy Chain of Custody","",""
"","820","3 Import Locations - Precheck Only","","Thu May 22 21:16:59 UTC 2025","failed","Thu May 22 21:17:00 UTC 2025","","Import Locations","",""
"","22188","6. Auto-Assigned Case Number -- Case Number can be edited when Auto-assigning of Case Numbers is enabled for new cases","","Thu May 22 21:22:00 UTC 2025","passed","Thu May 22 21:22:22 UTC 2025","","Edit Case","",""
"","0","1.5. Create and run DR for multiple parent and child locations  - starting with Child loc - switching back to parent location-  No Discrepancies Found","Inventory Reports","Thu May 22 21:16:08 UTC 2025","skipped","Thu May 22 21:16:08 UTC 2025","","1. Parent/child locations with items but without containers","",""
"","72801","1. Edit and verify all values on Item View page -- replace the current values in multiselect fields - Tags & Item Belongs To","","Thu May 22 21:24:21 UTC 2025","passed","Thu May 22 21:25:34 UTC 2025","","Edit Item","",""
"","87993","3.1 --- with required Custom Form filled out, all required fields on Form","Add Item","Thu May 22 21:31:25 UTC 2025","failed","Thu May 22 21:32:53 UTC 2025","","3 Add Item with Custom Form","",""
"","531","2.2 Confirmation on warning modal completes login and logs out user on other machine","Login page","Thu May 22 21:17:06 UTC 2025","failed","Thu May 22 21:17:07 UTC 2025","","2. Warning that user is logged in on other browser or device","",""
"","44026","8.1 verify that required custom form is attached to the case with blank fields","Add Case","Thu May 22 21:23:30 UTC 2025","passed","Thu May 22 21:24:14 UTC 2025","","8. --- with required Custom Form but not filled out, all optional fields on Form","",""
"","19155","8. Add a Case with disabled fields & check if required fields are displayed properly on Case Edit page after enabling","","Thu May 22 21:23:01 UTC 2025","passed","Thu May 22 21:23:20 UTC 2025","","Edit Case","",""
"","15127","A.M_4. Add Media to Task","","Thu May 22 21:40:36 UTC 2025","passed","Thu May 22 21:40:51 UTC 2025","","Add Media","",""
"","0","4. Import update for item status (Disposal transaction)","","Thu May 22 21:16:23 UTC 2025","skipped","Thu May 22 21:16:23 UTC 2025","","Import Item Updates","",""
"","1","2. Item with all fields - Disposed Status","","Thu May 22 21:16:31 UTC 2025","broken","Thu May 22 21:16:31 UTC 2025","","Import Items","",""
"","0","I.C.U_2 Case Updates Import - Precheck Only","","Thu May 22 21:16:05 UTC 2025","skipped","Thu May 22 21:16:05 UTC 2025","","Import Case Updates","",""
"","325976","Add Dispo Task with 11 1DA items and assign to Org Admin, --set different actions for item using all variations--using Actions menu and grid, --check statuses and notes upon submission","","Thu May 22 21:51:57 UTC 2025","failed","Thu May 22 21:57:23 UTC 2025","","Dispo Auth","",""
"","0","2 Import Person with all updated fields - Precheck Only","","Thu May 22 21:17:46 UTC 2025","skipped","Thu May 22 21:17:46 UTC 2025","","Import People Updates","",""
"","0","1.4. Create and run DR for multiple parent and child locations - starting with Child loc -  No Discrepancies Found","Inventory Reports","Thu May 22 21:16:08 UTC 2025","skipped","Thu May 22 21:16:08 UTC 2025","","1. Parent/child locations with items but without containers","",""
"","861","7 Validation messages for wrongly formatted values","","Thu May 22 21:17:23 UTC 2025","failed","Thu May 22 21:17:23 UTC 2025","","Import Notes","",""
"","0","2 Import Legacy Chain of Custody - Precheck Only","","Thu May 22 21:16:40 UTC 2025","skipped","Thu May 22 21:16:40 UTC 2025","","Import Legacy Chain of Custody","",""
"","793","9 Validation messages for blank values","","Thu May 22 21:17:24 UTC 2025","failed","Thu May 22 21:17:25 UTC 2025","","Import Notes","",""
"","537","1. Report from Case View page - Items tab","Reports","Thu May 22 21:17:15 UTC 2025","failed","Thu May 22 21:17:15 UTC 2025","","Verify generating and opening Report ""Primary Label 4X3""","",""
"","41391","1.7. Add Item from Person View/ ""Items Belonging to"" tab -- redirect to Add Duplicate Item page and complete the action","Add Item","Thu May 22 21:29:45 UTC 2025","passed","Thu May 22 21:30:26 UTC 2025","","1. Org Admin","",""
"","577","1.1 Email & Task - when Case created - all records - 1 user as email recipient","Workflows","Thu May 22 21:17:31 UTC 2025","failed","Thu May 22 21:17:32 UTC 2025","","1. Case Workflows - all case fields enabled in Org Settings","",""
"","1","1.1. DR for single parent location - No Discrepancies Found","Inventory Reports","Thu May 22 21:16:08 UTC 2025","broken","Thu May 22 21:16:08 UTC 2025","","1. Parent/child locations with items but without containers","",""
"","23270","5. Add an Item with disabled non required / required fields & check if those are shown up on Item Edit page after enabling","","Thu May 22 21:28:15 UTC 2025","passed","Thu May 22 21:28:38 UTC 2025","","Edit Item","",""
"","2","I.C.U_1. Import Case Updates - all fields -- user and user group in Case Officer(s) field","","Thu May 22 21:16:05 UTC 2025","broken","Thu May 22 21:16:05 UTC 2025","","Import Case Updates","",""
"","7708","2.1 verify that user can add all values but can select only Storage Location(s) that s/he has access to","Add Item","Thu May 22 21:31:17 UTC 2025","failed","Thu May 22 21:31:24 UTC 2025","","2 Power User -- all permissions in Office, with and without access to Storage Location","",""
"","0","7. Item Updates Import - Precheck Only","","Thu May 22 21:16:23 UTC 2025","skipped","Thu May 22 21:16:23 UTC 2025","","Import Item Updates","",""
"","781","3. Import Person with all fields - Precheck Only","","Thu May 22 21:17:37 UTC 2025","failed","Thu May 22 21:17:38 UTC 2025","","Import People","",""
"","2","1. Import updates for all item fields","","Thu May 22 21:16:23 UTC 2025","broken","Thu May 22 21:16:23 UTC 2025","","Import Item Updates","",""
"","0","5. Import update for item status (Undispose transaction)","","Thu May 22 21:16:23 UTC 2025","skipped","Thu May 22 21:16:23 UTC 2025","","Import Item Updates","",""
"","1","2 Import Locations with required fields - verify default properties","","Thu May 22 21:16:59 UTC 2025","skipped","Thu May 22 21:16:59 UTC 2025","","Import Locations","",""
"","8660","1.3.2 --- with required Custom Form but not filled out, all optional fields on Form","Add User","Thu May 22 21:51:13 UTC 2025","failed","Thu May 22 21:51:22 UTC 2025","","1.3 --- with Custom Forms","",""
"","5","5 Five thousand notes for Item and verify notes count on search","","Thu May 22 21:17:22 UTC 2025","skipped","Thu May 22 21:17:22 UTC 2025","","Import Notes","",""
"","17160","Add User ","","Thu May 22 21:47:47 UTC 2025","failed","Thu May 22 21:48:04 UTC 2025","","Add User","",""
"","66025","3.4 --- Duplicating item with Currency Form attached","Add Item","Thu May 22 21:35:30 UTC 2025","passed","Thu May 22 21:36:36 UTC 2025","","3 Add Item with Custom Form","",""
"","1","1 Import Locations with all fields","","Thu May 22 21:16:59 UTC 2025","broken","Thu May 22 21:16:59 UTC 2025","","Import Locations","",""
"","18678","4. Add a Person with disabled fields & check if those are shown up on Person Edit page after enabling all of the rest of the fields and editing Business Name / First Name / Last Name","","Thu May 22 21:30:56 UTC 2025","passed","Thu May 22 21:31:15 UTC 2025","","Edit Person","",""
"","158","S.I_1. Search by Item Description","","Thu May 22 21:16:44 UTC 2025","failed","Thu May 22 21:16:44 UTC 2025","","Search Item","",""
"","722","3 Import Notes for Case - Precheck Only","","Thu May 22 21:17:21 UTC 2025","failed","Thu May 22 21:17:22 UTC 2025","","Import Notes","",""
"","22884","4.3 verify Org Default Case Number Prefix and Org Formatting pattern, before and after page reload","Add Case","Thu May 22 21:19:52 UTC 2025","passed","Thu May 22 21:20:15 UTC 2025","","4. --- with Default Case Number in Org ","",""
"","3","A.U_3. Add External User","Add User","Thu May 22 21:50:53 UTC 2025","skipped","Thu May 22 21:50:53 UTC 2025","","1.1 Org Admin","",""
"","10800","1.2.1. Office Admin can create a new user account","Add User","Thu May 22 21:50:53 UTC 2025","failed","Thu May 22 21:51:04 UTC 2025","","1.2 Power User -- all permissions in Office","",""
"","0","1.2 Org Admin-- minimum case fields -- redirect to Add Case page again","Add Case","Thu May 22 21:16:06 UTC 2025","skipped","Thu May 22 21:16:06 UTC 2025","","1. --- No Case Number formatting in Org/Office, AutoDispo ON","",""
"","1","1 Import Legacy Chain of Custody - Checked In transaction","","Thu May 22 21:16:40 UTC 2025","broken","Thu May 22 21:16:40 UTC 2025","","Import Legacy Chain of Custody","",""
"","16538","1.3. Business Name populated only -- redirect to Add Item page","Add Person","Thu May 22 21:43:24 UTC 2025","passed","Thu May 22 21:43:41 UTC 2025","","1. Org Admin","",""
"","0","I.C_5 Case Import - Precheck Only","","Thu May 22 21:16:14 UTC 2025","skipped","Thu May 22 21:16:14 UTC 2025","","Import Cases","",""
"","643","I.T_1.2 Import Legacy Tasks for Case - Precheck Only","","Thu May 22 21:16:50 UTC 2025","failed","Thu May 22 21:16:51 UTC 2025","","Import Tasks","",""
"","1","1.3 Org Admin-- minimum case fields -- redirect to Add Item page","Add Case","Thu May 22 21:16:06 UTC 2025","skipped","Thu May 22 21:16:06 UTC 2025","","1. --- No Case Number formatting in Org/Office, AutoDispo ON","",""
"","34834","1.5. Add item from Scan page -- redirect to Item View/Media tab","Add Item","Thu May 22 21:28:34 UTC 2025","passed","Thu May 22 21:29:08 UTC 2025","","1. Org Admin","",""
"","35517","1.1.4 validation message for inactive user account","Add User","Thu May 22 21:50:18 UTC 2025","passed","Thu May 22 21:50:53 UTC 2025","","1.1 Org Admin","",""
"","0","6. Import update for item status (CheckIn transaction)","","Thu May 22 21:16:23 UTC 2025","skipped","Thu May 22 21:16:23 UTC 2025","","Import Item Updates","",""
"","754","I.U_1 Import and verify User with all fields","","Thu May 22 21:17:55 UTC 2025","failed","Thu May 22 21:17:56 UTC 2025","","Import Users","",""
"","180","1.1.1 'equals' correct Person's name","Search Checkouts","Thu May 22 21:16:35 UTC 2025","failed","Thu May 22 21:16:35 UTC 2025","1.1 Checked Out To","1 Org Admin","",""
"","12230","1.1.1 Add task with required fields only -- Unassigned-- keep template content-- search for task on the grid by Creator name-- verify values on grid","Add Task","Thu May 22 21:47:24 UTC 2025","failed","Thu May 22 21:47:37 UTC 2025","","1.1 Org Admin","",""
"","690","2. Import and verify Person with minimum fields","","Thu May 22 21:17:36 UTC 2025","failed","Thu May 22 21:17:37 UTC 2025","","Import People","",""
"","221","2. Verify Transfer transaction and enabled/disabled actions for Checked Out item","","Thu May 22 21:36:02 UTC 2025","failed","Thu May 22 21:36:02 UTC 2025","","Item Transactions & Actions","",""
"","106455","2.1 Add User to a Group, then add to another Group --> Verify that previous User Group is not overwritten","","Thu May 22 21:33:26 UTC 2025","passed","Thu May 22 21:35:13 UTC 2025","","Edit User","",""
"","1","I.C_4 Five thousand cases and verify cases count on search by ","","Thu May 22 21:16:14 UTC 2025","skipped","Thu May 22 21:16:14 UTC 2025","","Import Cases","",""
"","0","3 Validation messages for not mapped fields","","Thu May 22 21:16:40 UTC 2025","skipped","Thu May 22 21:16:40 UTC 2025","","Import Legacy Chain of Custody","",""
"","60611","1. Edit and verify all values on Case View page -- replace the current values in multiselect fields (Case Officers, Tags)","","Thu May 22 21:18:25 UTC 2025","passed","Thu May 22 21:19:25 UTC 2025","","Edit Case","",""
"","9348","2.1. verify that user can add all values","Add Person","Thu May 22 21:43:53 UTC 2025","failed","Thu May 22 21:44:02 UTC 2025","","2. Power User -- all permissions in Office","",""
"","22923","5. Case Number Formatting at Office level -- old case that was saved without formatting can be edited without changing Case Number or changing it with proper format","","Thu May 22 21:21:37 UTC 2025","passed","Thu May 22 21:22:00 UTC 2025","","Edit Case","",""
"","35190","1.1.2. add user with required fields only","Add User","Thu May 22 21:49:37 UTC 2025","passed","Thu May 22 21:50:12 UTC 2025","","1.1 Org Admin","",""
"","252","1.1.1 equals {email of the user (current user) who created a case}","Cases Search","Thu May 22 21:16:25 UTC 2025","failed","Thu May 22 21:16:25 UTC 2025","1.1 Created By","1 Org Admin","",""
"","24538","2.1 verify Org Case Number Format and check that Case Review Date/Notes is NOT displayed for Org Admin","Add Case","Thu May 22 21:16:21 UTC 2025","passed","Thu May 22 21:16:45 UTC 2025","","2. --- with Case Number formatting in Org, AutoDispo OFF ","",""
"","0","1.6 Org Admin-- minimum case fields -- redirect to Notes tab on Case View page","Add Case","Thu May 22 21:16:06 UTC 2025","skipped","Thu May 22 21:16:06 UTC 2025","","1. --- No Case Number formatting in Org/Office, AutoDispo ON","",""
"","1","1.1 Org Admin-- All fields enabled -- redirect to View Added Case","Add Case","Thu May 22 21:16:06 UTC 2025","broken","Thu May 22 21:16:06 UTC 2025","","1. --- No Case Number formatting in Org/Office, AutoDispo ON","",""
"","78004","2.2 verify Org Case Number Format with custom validation message","Add Case","Thu May 22 21:16:45 UTC 2025","failed","Thu May 22 21:18:03 UTC 2025","","2. --- with Case Number formatting in Org, AutoDispo OFF ","",""
"","1","3. Import update for item status (Move transaction)","","Thu May 22 21:16:23 UTC 2025","skipped","Thu May 22 21:16:23 UTC 2025","","Import Item Updates","",""
"","0","2. Import update for item status (Check Out transaction)","","Thu May 22 21:16:23 UTC 2025","skipped","Thu May 22 21:16:23 UTC 2025","","Import Item Updates","",""
"","520","2.1 Cancelling warning keeps user logged in on other machine","Login page","Thu May 22 21:17:06 UTC 2025","failed","Thu May 22 21:17:06 UTC 2025","","2. Warning that user is logged in on other browser or device","",""
"","43070","A.M_1. Add Media to Case","","Thu May 22 21:39:14 UTC 2025","passed","Thu May 22 21:39:57 UTC 2025","","Add Media","",""
"","758","1 Import Media","","Thu May 22 21:17:09 UTC 2025","failed","Thu May 22 21:17:09 UTC 2025","","Import Media","",""
"","1","5 Validation messages for invalid values","","Thu May 22 21:16:40 UTC 2025","skipped","Thu May 22 21:16:40 UTC 2025","","Import Legacy Chain of Custody","",""
"","3474","1.9. Only active people should show up in ""Recovered By"" field when searching by first/middle/last name or email","Add Item","Thu May 22 21:31:13 UTC 2025","failed","Thu May 22 21:31:17 UTC 2025","","1. Org Admin","",""
"","518","1.1 all fields turned on and edited, ""overwrite existing values"" turned OFF","Mass Update Cases","Thu May 22 21:16:17 UTC 2025","failed","Thu May 22 21:16:17 UTC 2025","","1. all fields enabled in Org Settings","",""
"","99498","7.1 verify all values are properly saved to the custom form -single user in custom User/User Group field","Add Case","Thu May 22 21:21:43 UTC 2025","passed","Thu May 22 21:23:22 UTC 2025","","7. --- with required Custom Form filled out, all required fields on Form","",""
"","17095","A.M_3. Add Media to Person","","Thu May 22 21:40:19 UTC 2025","passed","Thu May 22 21:40:36 UTC 2025","","Add Media","",""
"","2","5 Five thousand notes for Case and verify notes count on search","","Thu May 22 21:17:22 UTC 2025","skipped","Thu May 22 21:17:22 UTC 2025","","Import Notes","",""
"","87635","3.2. --- with required Custom Form but not filled out, all optional fields on Form","Add Person","Thu May 22 21:45:17 UTC 2025","failed","Thu May 22 21:46:44 UTC 2025","","3. Add Person with Custom Form","",""
"","17255","1.2. Optional fields disabled -- redirect to View Added Item -- Item Belongs To Shows All People"" turned OFF in Org Settings -- multiple values selected for ""Item Belongs to"" and Tags","Add Item","Thu May 22 21:28:05 UTC 2025","failed","Thu May 22 21:28:22 UTC 2025","","1. Org Admin","",""
"","0","1.3. DR for multiple parent and child locations - starting with Parent loc - No Discrepancies Found","Inventory Reports","Thu May 22 21:16:08 UTC 2025","skipped","Thu May 22 21:16:08 UTC 2025","","1. Parent/child locations with items but without containers","",""
"","0","1.7. Create and run DR for single child location - multiple Discrepancies Found","Inventory Reports","Thu May 22 21:16:08 UTC 2025","skipped","Thu May 22 21:16:08 UTC 2025","","1. Parent/child locations with items but without containers","",""
"","12558","3.2 verify Office Case Number Format with custom validation message","Add Case","Thu May 22 21:18:38 UTC 2025","passed","Thu May 22 21:18:51 UTC 2025","","3. --- with Case Number formatting in Office ","",""
"","29823","3.1 verify Office Case Number Format with default validation message","Add Case","Thu May 22 21:18:08 UTC 2025","failed","Thu May 22 21:18:38 UTC 2025","","3. --- with Case Number formatting in Office ","",""
"","759","I.U_1 Import User with all fields - Precheck Only","","Thu May 22 21:17:56 UTC 2025","failed","Thu May 22 21:17:57 UTC 2025","","Import Users","",""
"","74422","3.1. --- with required Custom Form filled out, all required fields on Form","Add Person","Thu May 22 21:44:02 UTC 2025","failed","Thu May 22 21:45:17 UTC 2025","","3. Add Person with Custom Form","",""
"","2","I.C_1 Case with all fields -- user and user group in Case Officer(s) field","","Thu May 22 21:16:14 UTC 2025","broken","Thu May 22 21:16:14 UTC 2025","","Import Cases","",""
"","720","1.8. Create and run DR for multiple storage locations - multiple Discrepancies Found","Inventory Reports","Thu May 22 21:16:08 UTC 2025","failed","Thu May 22 21:16:08 UTC 2025","","1. Parent/child locations with items but without containers","",""
"","32183","3. Edit and verify reduced number of values on Person View page - Business Name","","Thu May 22 21:30:24 UTC 2025","passed","Thu May 22 21:30:56 UTC 2025","","Edit Person","",""
"","0","1.4 Org Admin-- minimum case fields -- redirect to Add Person page","Add Case","Thu May 22 21:16:06 UTC 2025","skipped","Thu May 22 21:16:06 UTC 2025","","1. --- No Case Number formatting in Org/Office, AutoDispo ON","",""
"","44311","3. Edit and verify reduced number of values on Case View page -- enter User Group instead of User as Case Officer","","Thu May 22 21:20:28 UTC 2025","passed","Thu May 22 21:21:12 UTC 2025","","Edit Case","",""
"","34292","1.1. All fields enabled -- redirect to View Added Person","Add Person","Thu May 22 21:42:29 UTC 2025","passed","Thu May 22 21:43:04 UTC 2025","","1. Org Admin","",""
"","31415","4. Edit and verify reduced number of values on Item View page ","","Thu May 22 21:27:43 UTC 2025","passed","Thu May 22 21:28:15 UTC 2025","","Edit Item","",""
"","69811","9.1 verify multiple Users and Groups can be saved in Case Officers field and Custom User/User Group","Add Case","Thu May 22 21:24:22 UTC 2025","passed","Thu May 22 21:25:32 UTC 2025","","9. --- with multiple users/groups in Case Officers field","",""
"","2","1. Import Person with all updated fields","","Thu May 22 21:17:46 UTC 2025","broken","Thu May 22 21:17:46 UTC 2025","","Import People Updates","",""
"","35836","1.6. Add Item from Person View/ Items Recovered By -- redirect to Item View/ Notes tab","Add Item","Thu May 22 21:29:09 UTC 2025","passed","Thu May 22 21:29:44 UTC 2025","","1. Org Admin","",""
"","720","2 Import Notes for Item","","Thu May 22 21:17:20 UTC 2025","failed","Thu May 22 21:17:21 UTC 2025","","Import Notes","",""
"","186","3. Scanning 1000 items during Inventory report","Inventory Reports","Thu May 22 21:16:09 UTC 2025","failed","Thu May 22 21:16:09 UTC 2025","","2. Scanning 1000 items","",""
"","1","1.2. DR for single child location - No Discrepancies Found","Inventory Reports","Thu May 22 21:16:08 UTC 2025","skipped","Thu May 22 21:16:08 UTC 2025","","1. Parent/child locations with items but without containers","",""
"","25769","4.2 verify Org Default Case Number Prefix, keep a default value as part of the Case Number","Add Case","Thu May 22 21:19:26 UTC 2025","passed","Thu May 22 21:19:52 UTC 2025","","4. --- with Default Case Number in Org ","",""
"","55013","1.1 All fields enabled -- ""Item Belongs To Shows All People"" turned ON in Org Settings -- multiple people not linked to Primary Case are selected in ""Item Belongs to"" field ","Add Item","Thu May 22 21:27:09 UTC 2025","passed","Thu May 22 21:28:04 UTC 2025","","1. Org Admin","",""
"","8834","1.3.1 --- with required Custom Form filled out, all required fields on Form","Add User","Thu May 22 21:51:04 UTC 2025","failed","Thu May 22 21:51:13 UTC 2025","","1.3 --- with Custom Forms","",""
"","17577","1. Edit and verify all values on Person View page","","Thu May 22 21:29:34 UTC 2025","failed","Thu May 22 21:29:52 UTC 2025","","Edit Person","",""
"","11880","1.4. redirect to Case View page","Add Person","Thu May 22 21:43:41 UTC 2025","passed","Thu May 22 21:43:53 UTC 2025","","1. Org Admin","",""
"","105729","1 Edit newly added user, change all values, verify on the grid, and check all/active/inactive filters","","Thu May 22 21:31:40 UTC 2025","failed","Thu May 22 21:33:26 UTC 2025","","Edit User","",""
"","24303","4.  Case Number Formatting at Org level -- old case that was saved without formatting can be edited without changing Case Number or changing it with proper format","","Thu May 22 21:21:13 UTC 2025","passed","Thu May 22 21:21:37 UTC 2025","","Edit Case","",""
"","80176","2. Edit and verify all values on Item View page -- keep the previous values in multiselect fields  - Tags & Item Belongs To; 2.1. hitting *enter* button does not wipe out Additional Barcode","","Thu May 22 21:25:35 UTC 2025","passed","Thu May 22 21:26:55 UTC 2025","","Edit Item","",""
"","785","6 Validation messages for not mapped fields","","Thu May 22 21:17:22 UTC 2025","failed","Thu May 22 21:17:23 UTC 2025","","Import Notes","",""
